<project xmlns="http://maven.apache.org/POM/4.0.0"
	xmlns:xsi="http://www.w3.org/2001/XMLSchema-instance"
	xsi:schemaLocation="http://maven.apache.org/POM/4.0.0 https://maven.apache.org/xsd/maven-4.0.0.xsd">
	<modelVersion>4.0.0</modelVersion>
	<parent>
		<groupId>fr.lirmm.fca4j</groupId>
		<artifactId>fca4j-parent</artifactId>
		<version>0.4.1</version>
	</parent>
	<artifactId>fca4j-app</artifactId>
	<name>fca4j-app</name>
	<description>FCA4J command line interface</description>
	<properties>
		<maven.compiler.source>1.8</maven.compiler.source>
		<maven.compiler.target>1.8</maven.compiler.target>
		<project.build.sourceEncoding>UTF-8</project.build.sourceEncoding>
	</properties>
	<dependencies>
		<dependency>
			<groupId>commons-cli</groupId>
			<artifactId>commons-cli</artifactId>
			<version>1.5.0</version>
		</dependency>
		<dependency>
			<groupId>fr.lirmm.fca4j</groupId>
			<artifactId>fca4j-core</artifactId>
			<version>0.0.1</version>
		</dependency>
		<dependency>
			<groupId>fr.lirmm.fca4j</groupId>
			<artifactId>fca4j-io</artifactId>
			<version>0.0.1</version>
		</dependency>
	</dependencies>
	<build>
		<plugins>
			<!-- Maven Assembly Plugin -->
			<plugin>
				<groupId>org.apache.maven.plugins</groupId>
				<artifactId>maven-assembly-plugin</artifactId>

				<configuration>
					<!-- get all project dependencies -->
					<descriptorRefs>
						<descriptorRef>
							jar-with-dependencies
						</descriptorRef>
					</descriptorRefs>
					<!-- MainClass in manifest make a executable jar -->
					<archive>
						<manifest>
							<mainClass>fr.lirmm.fca4j.main.Main</mainClass>
							<addDefaultImplementationEntries>true</addDefaultImplementationEntries>
							<addDefaultSpecificationEntries>true</addDefaultSpecificationEntries>
						</manifest>
					</archive>
				</configuration>
				<executions>
					<execution>
						<id>make-assembly</id>
						<!-- bind to the packaging phase -->
						<phase>package</phase>
						<goals>
							<goal>single</goal>
						</goals>
					</execution>
				</executions>
			</plugin>
		</plugins>
		
		<!-- resources -->
		<resources>
			<resource>
				<directory>src/main/resources</directory>
				<excludes>
					<exclude>**/*.txt</exclude>
				</excludes>
			</resource>
		</resources>
	</build>
</project>